"opcode","sf2_handler","sf3_handler","sf2_metadata_0","sf2_metadata_1","sf3_metadata_0","sf3_metadata_1","metadata_equal","sf2_occurrences","sf3_occurrences"
"0x00","0x800B02F8","0x800B2F28","0x24","0xFF","0x24","0xFF","1","20","28"
"0x01","0x800B22A4","0x800B5164","0x4","0xFE","0x4","0xFE","1","754","1931"
"0x02","0x800B2838","0x800B5618","0xA","0xFE","0xA","0x29","0","451","886"
"0x03","0x800B0F70","0x800B3CF8","0x0","0xFE","0x0","0xFE","1","120","126"
"0x04","0x800B0FD4","0x800B3D5C","0x0","0xFE","0x0","0xFE","1","89","29"
"0x05","0x800B0E58","0x800B3BE0","0x0","0xFE","0x0","0xFE","1","4","3"
"0x06","0x800B0C30","0x800B3918","0x0","0xFF","0x0","0xFF","1","692","486"
"0x07","0x800B0C84","0x800B396C","0x0","0xFF","0x0","0xFF","1","562","586"
"0x08","0x800B1E9C","0x800B4C9C","0xD","0xFF","0x25","0xD","0","37","261"
"0x09","0x800B1EC0","0x800B3FD8","0xD","0xFF","0x0","0xFE","0","34","749"
"0x0A","0x800B1EEC","0x800B5828","0xD","0xFE","0xFE","0xFF","0","33","3"
"0x0B","0x800B2088","0x800B4F48","0x9","0xFF","0x9","0xFF","1","255","390"
"0x0C","0x800B20BC","0x800B4F7C","0x9","0xFF","0x9","0xFF","1","106","205"
"0x0D","0x800B20F0","0x800B4FB0","0x3","0xFF","0x3","0xFF","1","184","435"
"0x0E","0x800B2140","0x800B5000","0x3","0xFF","0x3","0xFF","1","767","942"
"0x0F","0x800B2194","0x800B5054","0x4","0xFF","0x4","0xFF","1","48","263"
"0x10","0x800B21D8","0x800B5098","0x4","0xFF","0x4","0xFF","1","0","15"
"0x11","0x800B1A10","0x800B47C4","0x1","0xFF","0x1","0xFF","1","66","460"
"0x12","0x800B1A30","0x800B47E4","0x1","0xFF","0x1","0xFF","1","39","239"
"0x13","0x800B1030","0x800B3DB8","0x0","0x0","0x0","0x0","1","370","403"
"0x14","0x800B0E94","0x800B3C1C","0x0","0xC","0x0","0xC","1","379","319"
"0x15","0x800B1100","0x800B3E88","0x0","0xFF","0x0","0xFF","1","22","86"
"0x16","0x800B23D0","0x800B5290","0xB","0x0","0xB","0x0","1","213","27"
"0x17","0x800B246C","0x800B532C","0xB","0xFF","0xB","0xFF","1","308","181"
"0x18","0x800AFE50","0x800B2A74","0x0","0x17","0x0","0x17","1","1","0"
"0x19","0x800B1588","0x800B433C","0x0","0x1A","0x0","0x1A","1","579","474"
"0x1A","0x800B15C0","0x800B4374","0x0","0x1A","0x0","0x1A","1","106","62"
"0x1B","0x800B13B4","0x800B4168","0x0","0xFE","0x0","0xFE","1","296","339"
"0x1C","0x800B1544","0x800B42F8","0x0","0xFF","0x0","0xFF","1","185","166"
"0x1D","0x800B1F64","0x800B5924","0xD","0xFF","0x0","0xFF","0","0","0"
"0x1E","0x800B2000","0x800B4DF8","0xE","0xFF","0x26","0xE","0","44","63"
"0x1F","0x800B202C","0x800B3A10","0xE","0xFF","0x0","0xFF","0","12","8"
"0x20","0x800B2058","0x800B4E90","0xE","0xFF","0x28","0xFF","0","5","4"
"0x21","0x800B1320","0x800B40D4","0x0","0xFF","0x0","0xFF","1","265","228"
"0x22","0x800B0FAC","0x800B3D34","0x0","0xFE","0x0","0xFE","1","32","51"
"0x23","0x800B2398","0x800B5258","0x0","0xFF","0x0","0xFF","1","3","7"
"0x24","0x800B1AC4","0x800B4878","0x0","0xFF","0x0","0xFF","1","198","211"
"0x25","0x800B1B28","0x800B48DC","0x0","0xFF","0x0","0xFF","1","83","22"
"0x26","0x800B1B8C","0x800B4940","0x0","0xFE","0x0","0xFE","1","96","237"
"0x27","0x800B1DE4","0x800B4BE4","0x0","0xF","0x0","0xF","1","272","112"
"0x28","0x800B2854","0x800B5634","0x11","0xFF","0x11","0xFF","1","168","470"
"0x29","0x800B24F4","0x800B53B8","0xB","0xFE","0xB","0xFE","1","62","111"
"0x2A","0x800B1250","0x800B4004","0x0","0x1A","0x0","0x1A","1","27","8"
"0x2B","0x800B12AC","0x800B4060","0x0","0x10","0x0","0x10","1","223","338"
"0x2C","0x800B1AA4","0x800B4858","0x1","0xFF","0x1","0xFF","1","5","52"
"0x2D","0x800B1CF0","0x800B4AF0","0x0","0xFE","0x0","0xFE","1","135","209"
"0x2E","0x800B1478","0x800B422C","0x0","0x1A","0x0","0x1A","1","18","18"
"0x2F","0x800B0D54","0x800B3AB0","0x0","0x12","0x0","0x12","1","4","6"
"0x30","0x800B1F90","0x800B4D88","0xFF","0xFF","0xFF","0xFF","1","72","80"
"0x31","0x800B285C","0x800B563C","0xFE","0xFF","0xFE","0xFF","1","17","5"
"0x32","0x800B0B3C","0x800B37FC","0x10","0xFE","0x10","0xFE","1","5","16"
"0x33","0x800B0D90","0x800B3AEC","0x0","0xFE","0x0","0xFE","1","22","75"
"0x34","0x800B0DB0","0x800B3B0C","0x0","0xFF","0x0","0xFF","1","32","52"
"0x35","0x800B1A70","0x800B4824","0x1","0xFF","0x1","0xFF","1","13","155"
"0x36","0x800B1BD8","0x800B498C","0x0","0xFE","0x0","0xFE","1","33","61"
"0x37","0x800B0DF0","0x800B3B4C","0xFE","0xFF","0xFE","0xFF","1","1","0"
"0x38","0x800B1C0C","0x800B49C0","0x0","0xFF","0x0","0xFF","1","27","117"
"0x39","0x800B0CCC","0x800B39B4","0x0","0xFF","0x0","0xFF","1","4","33"
"0x3A","0x800B0D10","0x800B3A6C","0x0","0xFF","0x0","0xFF","1","4","13"
"0x3B","0x800B1770","0x800B4524","0x0","0x10","0x0","0x10","1","5","3"
"0x3C","0x800B1790","0x800B4544","0x0","0xFF","0x0","0xFF","1","9","2"
"0x3D","0x800B17E0","0x800B4594","0x0","0x0","0x0","0x0","1","20","28"
"0x3E","0x800B182C","0x800B45E0","0x0","0xC","0x0","0xC","1","16","49"
"0x3F","0x800B1888","0x800B463C","0x0","0xFE","0x0","0xFE","1","0","0"
"0x40","0x800B28B0","0x800B5690","0xFE","0xFE","0xFE","0xFE","1","11","18"
"0x41","0x800B28CC","0x800B5838","0xFE","0xFE","0x0","0x0","0","0","14"
"0x42","0x800B0E20","0x800B3BA8","0x0","0x16","0x0","0x16","1","269","249"
"0x43","0x800B135C","0x800B4110","0x0","0xFE","0x0","0xFE","1","19","36"
"0x44","0x800B12CC","0x800B4080","0x0","0xFE","0x0","0xFE","1","191","214"
"0x45","0x800B1C2C","0x800B4A2C","0x0","0xFF","0x0","0xFF","1","77","227"
"0x46","0x800B1C5C","0x800B4A5C","0x0","0xFF","0x0","0xFF","1","145","370"
"0x47","0x800B1010","0x800B3D98","0x0","0xFF","0x0","0xFF","1","3","1"
"0x48","0x800B26E0","0x800B49E0","0x0","0x0","0x0","0xFE","0","8","0"
"0x49","0x800B2700","0x800B38F0","0x0","0xFE","0xFF","0xFF","0","7","1"
"0x4A","0x800B2694","0x800B5518","0xFE","0xFF","0xFE","0xFF","1","26","0"
"0x4B","0x800B2748","0x800B5564","0x0","0x17","0x27","0xFF","0","3","156"
"0x4C","0x800B2784","0x800B55B4","0x0","0x0","0x27","0x0","0","8","214"
"0x4D","0x800B27C0","0x800B55F4","0x0","0x0","0x27","0xFF","0","0","217"
"0x4E","0x800B27FC","0x800B3B54","0x0","0xFE","0xFF","0xFF","0","3","3"
"0x4F","0x800B1C8C","0x800B4A8C","0x0","0x18","0x0","0x18","1","3","1"
"0x50","0x800B1CBC","0x800B4ABC","0x0","0x18","0x0","0x18","1","1","1"
"0x51","0x800B28E8","0x800B56AC","0x19","0xFE","0x19","0xFE","1","6","0"
"0x52","0x800B0DF8","0x800B3B80","0x0","0xFE","0x0","0xFE","1","7","23"
"0x53","0x800B0F30","0x800B3CB8","0x0","0x0","0x0","0x0","1","5","121"
"0x54","0x800B1A50","0x800B4804","0x1","0xFE","0x1","0xFE","1","84","47"
"0x55","0x800B0BAC","0x800B386C","0xFE","0xFF","0xFE","0xFF","1","7","0"
"0x56","0x800B1644","0x800B43F8","0x0","0x1A","0x0","0x1A","1","86","52"
"0x57","0x800AFBF0","0x800B27E0","0xFF","0xFF","0xFF","0xFF","1","33","34"
"0x58","0x800AFC68","0x800B2858","0xFF","0xFF","0xFF","0xFF","1","13","38"
"0x59","0x800B10C4","0x800B3E4C","0x0","0xFE","0x0","0xFE","1","127","98"
"0x5A","0x800B221C","0x800B50DC","0x4","0xFE","0x4","0xFE","1","1","0"
"0x5B","0x800B2260","0x800B5120","0x4","0xFE","0x4","0xFE","1","2","0"
"0x5C","0x800B22DC","0x800B519C","0x4","0xFF","0x4","0xFF","1","0","0"
"0x5D","0x800B2318","0x800B51D8","0x4","0xFE","0x4","0xFE","1","24","34"
"0x5E","0x800B1198","0x800B3F20","0xFE","0xFE","0xFE","0xFE","1","29","34"
"0x5F","0x800B1930","0x800B46E4","0x0","0xFE","0x0","0xFE","1","12","6"
"0x60","0x800B0C00","0x800B38C0","0x0","0x17","0x0","0x17","1","80","119"
"0x61","0x800B22DC","0x800B519C","0x4","0xFF","0x4","0xFF","1","14","18"
"0x62","0x800B167C","0x800B4430","0x0","0xFE","0x0","0xFE","1","37","35"
"0x63","0x800B1D30","0x800B4B30","0x0","0x0","0x0","0x0","1","8","8"
"0x64","0x800B11B4","0x800B3F3C","0x0","0xFE","0x0","0xFE","1","4","26"
"0x65","0x800B16B4","0x800B4468","0x0","0x10","0x0","0x10","1","3","4"
"0x66","0x800B2954","0x800B5718","0xFE","0xFE","0xFE","0xFE","1","20","0"
"0x67","0x800B16F0","0x800B44A4","0x0","0xFE","0x0","0xFE","1","28","2"
"0x68","0x800B198C","0x800B4740","0x0","0xFF","0x0","0xFF","1","4","16"
"0x69","0x800B1D64","0x800B4B64","0x0","0x0","0x0","0x0","1","128","74"
"0x6A","0x800B26A0","0x800B5524","0xFF","0xFF","0xFF","0xFF","1","175","172"
"0x6B","0x800B1E64","0x800B4C64","0x0","0x0","0x0","0x0","1","4","0"
"0x6C","0x800B2974","0x800B5738","0x0","0x0","0x0","0x0","1","1","0"
"0x6D","0x800B29B0","0x800B5774","0xFF","0xFF","0xFF","0xFF","1","9","10"
"0x6E","0x800B29D8","0x800B579C","0xFE","0xFF","0xFE","0xFF","1","9","15"
"0x6F","0x800B2A0C","0x800B57D0","0xFE","0xFE","0xFE","0xFE","1","0","0"
"0x70","0x800B2934","0x800B56F8","0x1F","0xFF","0x1F","0xFF","1","4","0"
"0x71","0x800B1730","0x800B44E4","0x0","0xFF","0x0","0xFF","1","57","26"
"0x72","0x800AFA4C","0x800B25B8","0x0","0x0","0x0","0x0","1","2","5"
"0x73","0x800B1750","0x800B4504","0x0","0xFE","0x0","0xFE","1","2","6"
"0x74","0x800B2A2C","0x800B57F0","0x0","0xFE","0x0","0xFE","1","0","0"
"0x75","0x800B19B0","0x800B4764","0x0","0x12","0x0","0x12","1","84","73"
"0x76","0x800B19D0","0x800B4784","0x0","0xFE","0x0","0xFE","1","8","0"
"0x77","0x800B2570","0x800B53F0","0xB","0x0","0xB","0x0","1","12","230"
"0x78","0x800B260C","0x800B548C","0xB","0xFF","0xB","0xFF","1","1","117"
"0x79","0x800AFF4C","0x800B2B70","0x1D","0x0","0x1D","0x0","1","58","194"
"0x7A","0x800B1210","0x800B3F98","0x0","0xFE","0x0","0xFE","1","1","0"
"0x7B","0x800B1DB8","0x800B4BB8","0x0","0xFE","0x0","0xFE","1","10","2"
"0x7C","0x800AFF0C","0x800B2B30","0x1E","0x17","0x1E","0x17","1","0","16"
"0x7D","0x800B26C0","0x800B5544","0xFE","0xFF","0xFE","0xFF","1","0","0"
"0x7E","0x800AFCB8","0x800B28A8","0x0","0x22","0x0","0x22","1","22","34"
"0x7F","0x800AFB68","0x800B26D4","0x4","0x23","0x4","0x23","1","8","17"
